id,name
4df398eb-a0f7-4032-a5d1-c934d3b5f467,Donald Thomas
10aa6296-3114-498d-8b4f-39213322b609,Roger Carroll
6a191c01-a78a-4929-80af-2556b71bed63,Stephanie Williams
e26afd3b-f018-45dd-8610-489ec89d5397,Thomas Houston
65fe9eed-b527-46a0-a407-ad561aa1d04e,John Price
1f73637c-e11e-4e25-be32-c4bae0ff5f49,Nancy Hernandez MD
83af2587-312b-45b5-a25c-63b5425ca8d8,Janet Griffin
67f36d45-89dc-461d-9934-515bdb47ec70,Beverly Parker
0cbe45b8-fbe3-4bc0-a473-2e1dab2bade1,Derek Cox
f6ef3f85-ac54-4345-8fde-09636a93b401,Scott Smith
cd5ad1a2-b805-43b2-ad15-6e0bfaf6f5c4,Angela James
692259d3-27d4-479d-95ff-399a2c4b41f3,Lisa Murray
361a4941-7a17-4c70-9393-7831e206cf59,Michael Bryant
b0336fa4-3eb4-47f2-bbb4-1eeb91de24cb,Maria Cook
e4726646-4a76-4bbf-8881-70766c47d36a,Billy Hughes
138c5b6e-396b-41a5-9163-941d5c5d8a0a,Philip Haynes
31c6ec7e-2f26-4aa1-a98d-628cf4087414,Michael Welch
d9baef03-5562-4048-9673-5781f0d4027d,Troy Lane
4a1782b3-1667-4ced-b961-41bc4813da6c,Chase Garcia
1a0c3c4e-459e-4beb-913c-adcc510b9ba1,Amber White
e81b648b-c2d7-4cfa-8e23-5cc2f0f2d5c8,James Gardner
3c438077-a1e2-4dc0-9e35-52a9180cc3bd,Alicia Huerta
52d086c0-238d-408f-8c3c-afe7926e9416,Amy Farmer
614902fa-b189-41f6-a3a3-55636eb317de,Allison Oliver
916e4753-9c5f-4df3-be93-c0c422086e02,Nicole Jackson
b2c8bdbb-c59b-4815-95f8-43cb1aa4da75,Leon Oliver
03d43f9c-98a7-42dc-a1db-c4be2caa4c42,Amy Taylor
174c8f77-a07e-447b-98ba-9b04a405b8aa,Daniel Kelly
6741dc51-8d53-4060-a0b1-82bd1089d745,Michelle Sheppard
a5d97458-0dad-49b4-b4c1-002c1457bd02,Melissa Harris
265298be-ba8b-4b20-b453-da7f59338a01,Craig Owens
f4bf7425-b1c4-46ad-81ff-54230fbad7c8,Kyle Evans
0a2fa5e5-8622-410e-b696-a3a3da4d4fcd,Tracy Gibbs
dbfcc159-40dc-4811-9fdc-01dcc7b7df01,Eric Austin
11a43753-cdbf-430b-b169-34801aa702cb,Jose Fox
2a4a18a6-606a-40d4-b083-5d21e9eec905,Kristina Snow
4d4b01be-9394-4209-82f8-c689ad3501b6,Andrea Randall
ac93c076-50c3-438a-9103-582c51393d0a,Kaitlyn Allen
267c94c7-e663-4d05-85b6-791d9cc73c53,Karen Patterson
812c5713-8a95-4565-8186-74dbca8c3bcb,Kathleen Rivera
6a5d546a-96e9-4441-aeea-ad7d3b2921c5,Andrea Page
e4234109-147f-4b4d-9fe4-59ca346438fb,Maria Moon
2150838e-5ea8-4bc7-b391-d83c51558cec,Lawrence Brown
c437b44d-9a09-4a7a-aea2-44d86cf9e8d0,Ashley Patterson
c4ca6a54-346a-4957-85af-8b271c68f478,Casey Miller
a3591a00-07e0-40a4-b979-3356cb665bc6,Alyssa Martinez
74fa7402-0328-4d62-b0d3-acc889fa21ba,Jessica Robinson
3a9e6527-5376-4b6e-a31d-12f82531f917,William Valenzuela
bda5cbf2-8788-4438-9820-b53a4767a24a,Charles Adams
d5291525-60e3-4b29-8c29-2e72dd88af65,Katelyn Thornton
ff33dd6e-c256-4b18-9804-f3d70322380e,Michael Mendoza
d7ff2d01-6b04-4ceb-8182-03d193fea604,Samuel Stout
03d92733-ed20-440b-81cf-0aad2878471b,Susan Bennett
6a13f0b0-fb20-4987-8f31-c4cf1b0e93cc,Nancy Austin
2ebc55d1-a219-49df-b448-d7d4ca0bf7f5,Martin Barnes
df24b86b-4894-4c4a-9d05-d3af3006e360,Kelsey Taylor
242a2108-fd29-4c89-9eee-93807f2d8e5f,Trevor Rodriguez
09cd6120-11f7-4bad-9d8c-70725e49f3cc,Ashley Porter
f065d281-0827-469d-86a5-69083ddf6c8d,Patricia Dickerson
317cc291-7188-44ec-88d8-b6345bd38157,Jenny Harrell
0195c3d8-0934-43e2-ac52-26e5b171897c,Kimberly Barnes
30993cac-f4b4-4f76-813f-abb93575e4a4,Laura Holt
524f687c-5607-4b94-9e28-d7e0892c0948,Michael Garcia
a934286b-0016-4d13-9d42-690672e35e57,Kayla Brooks
a535f8ad-4f9f-4c9e-83c6-a1521cb8003d,Stephen Miller
05866955-7508-4701-8148-22b5a4ff3acd,Jennifer Sheppard
bd62d473-3def-4ea1-8ddd-1b2621893a9a,Amy Wolf
4d3a5216-8036-453f-a695-cd459078367d,Richard Pitts
4985a790-2f7a-43ed-82ea-8abc6b796128,Dana Mcdowell
cc22a9d6-38df-485d-a209-a3309f3f9952,Dana Smith
7a11c294-08ca-43e7-87ab-4ddaf1cc012b,Amy Andrade
b92946d4-872b-4c39-bfba-b802512daab4,Patrick Shields
cbb866d9-2830-456e-abac-c41cc7354404,William Ayers
bf519ba7-6455-4b17-89cc-54df71a0633c,Martha Johnson
57364a1d-7c5c-4ea9-bb30-41ce381c9306,Amanda Johnson
492c9f50-9de5-4214-9dd6-64c7ec6d3e37,Kathryn Day
feedfcbb-02b4-4aae-864f-e5679fa200fe,Melissa Martin
b4959fee-b3ba-41ba-9655-49363966c155,Leslie Conner
7c17061c-748d-48a7-87d6-c75eb1e3aef7,Gary Kirk
e50752f3-a32f-42af-a40b-728e2a30af09,Kerri Wilson
df195c47-745f-4aec-982c-a5738f711ab3,Kimberly Kaiser
4ca8edcf-b20e-4c3a-aeb3-7614b3407d28,Ronald Jones
8f48038b-3f6b-4467-b2eb-b8ef892befee,Jill Contreras
1d4f42ec-30cc-493e-b3f7-070505d56b60,Katie Ruiz
fb5eb05a-594f-4d0a-9dc7-7d39a46bee81,Chad Walsh
a69495aa-46bb-477c-8f54-21e85cc4423a,Danielle Lewis
561e5f1c-ff37-4478-8f05-d2f7dc954dbe,Cynthia Alvarez
eda33d31-5840-490f-be8e-14fa8824e557,Teresa Evans
d2951524-136f-423d-8b77-caca28b17bfd,Nicholas Benson
a64b50fe-8a91-4b01-b5b9-9179eafb37dd,Todd Burton
25d89282-755c-49e5-bd76-1716063f6152,Mary Dunlap
6ad1515b-ac6e-44eb-b1fa-316fca4056e8,Nicole Martin
cd8d2070-6eed-4f3d-bef2-e974673c6d4c,Christian Fernandez
71dced2d-cb46-4c1e-bbf2-fab9ec8152a3,Misty Reed
25696d72-06cd-40cb-a672-e91da95b6b8f,Kenneth Moore
394868b3-335c-40f7-8b57-59a6456e1c0e,Michael Carter
d030a034-7b99-4ac3-9228-eb129dd15cad,Kristen Mack
55ba1f09-b831-496e-acfd-944c544950b1,Katelyn Alexander
129dbd22-e076-4088-9701-1a0ca4b49fb5,Julie Barnes
12046260-21a2-4c75-a5cf-5efb98ab65d4,Roy Stewart
bf3447cb-1b92-4a46-b634-2ccf7f92e8df,Steve Blanchard MD
cf512c06-64a9-44ed-b535-1dd80b3cfa81,Leslie Cruz
fdc81fe8-ce28-45eb-a590-aba6e1e05bf1,Jerry Thompson II
b761be1c-5828-48d5-9bc1-af90394f3508,Julia Velazquez
6da2ee12-d894-4109-b24f-5627050a600b,Stephanie Carter
d6fcdc55-2a52-4a10-952f-dbf1dacfb2bf,John Washington
a76940c7-53d7-4c19-b7e8-42110d153469,Mr. Adam Carey
cc222b83-047a-41ff-ab01-d1dfdcdedff3,Nicholas Gray
01137254-a762-4a52-897c-36548a866dd1,Susan Stephens
5be611b2-5cba-47c3-b8c9-679e1b4d6f81,Jacqueline Pineda
67b05b7e-d37a-405f-ac6e-18d468a98ca1,Sandra Norman MD
b13ff6b7-594e-48ee-8d66-338fc78a994a,Glen King
5078e039-5f08-4f84-8a6c-1d61b60886a9,Dr. Erin Turner
9e1d8dfb-cd1c-47b8-9480-09e59519d5bb,Wyatt Bates
f5061551-a9c8-45c1-9c61-b3b3873ca77a,Chad Jackson
5d56ee66-1fd3-4e14-8eb9-40b61c84d68c,Matthew Dawson
69395d90-cd6c-4fe6-826b-44e837bb0c86,Misty Lee
ff4cb290-e924-4829-b726-fba1280a68b1,William Diaz
55cb41c7-69a6-4478-a4d1-8cbeee3680d1,Tanya Craig
e247b2bf-b085-4205-9aa4-304fc7e2311c,Anita Pierce
59a5ec07-3387-4124-8034-3089b89ecc64,Sally Eaton
0f252ff7-82b0-48eb-8dd2-eb278b0187d3,Mrs. Melissa Bernard
f81589e8-915f-4536-897f-6eff58f47d4c,Mark Jenkins
5c2e5a93-6167-4bd3-abe0-0328a48110b1,John Mcgee
4586b112-2006-4b66-b9d7-954574606f9b,Robert Lang
3a07ab73-aaec-4e7f-8f79-15a7c9979224,Mary Smith
0fa4cc49-9a3c-4aae-b478-699dfcc92ae6,George Farrell
643fd446-c2eb-430c-9f4b-65315a60945e,Michael Ball
ca6cdf7e-4b02-4e80-8193-1bc7d0a44ac0,Julie Dixon
64c3d675-e2e0-46b3-a137-4f93e03b44ad,Paige Lawson
ffb21d55-db6b-4a58-bcd5-767e2ccc5409,Ryan Hart
29669f51-3806-4129-82b1-65c031e1689f,Timothy Navarro
24406cee-60b9-4bb0-814c-f4b20ff70b94,Nicole Hall
53eacc91-27dc-4471-8944-e89a8b83182e,Shirley Guerrero
62be8063-bc6d-4c0e-a692-407415dc8af6,Adam Rowe
a5c339b1-05a2-4d72-af3f-d85a251e064b,Diane Hunter
c43e203f-7853-4804-a1f1-c99302b28191,Corey Calhoun
2194fa56-33df-45ff-bc40-d3275c0cf02a,Erin Rodriguez
ccfb9e62-37c3-4705-b0d5-940f92b516ab,Molly Smith
248a582e-d585-4661-9cc3-c682d2087ec1,Amanda Hodges
55ee3269-27fd-4840-9efc-7e7dee1c960f,John Long
8040b3ce-81e6-4788-abd1-56dd0768b2f9,Rodney Gardner
113b8ed9-5a06-4d17-aa71-c3adde5d590a,Lisa Mason
e7f97980-dc5c-4cfe-a18d-f4bee7741b69,Andrea Callahan
9222edbd-09e9-4943-afff-04afbf8b0b87,Ryan Watts
b39314c0-3a0f-4834-bdd1-25b6de6a48fd,Angela Huffman
0e4499e6-c578-443d-86d0-adb2a63ad9b1,Charles Waters
7bf66cd3-9e72-4c06-996e-6863a49ad1f3,Joshua Wells
ff4ccee7-810c-4467-b685-3038bf61029c,Karen Sanchez
1eca9c16-c8b5-486f-960b-db6af4148b4e,Elizabeth Miller
be737bad-8c0d-40b2-8661-7550bfda26bd,Wendy Bowman
7855b3f5-011f-4e26-bef6-21c292e5e881,Gerald Hicks
15a92728-63ca-41b9-bd76-d4b6ed727b2b,Kenneth Wilcox
52ac2ddc-132b-4a08-902f-4ca90162814c,Arthur Evans
ade95b7d-1ec0-463a-a8ee-069ff72423cb,Calvin Mccullough
32e2eabf-bd66-4514-8489-7bc900bba432,Anthony Dickson
b9ea3a2e-42ba-4c86-a798-e24adc6122ad,Julie Fuentes
591486f0-5978-43cb-b131-fdab5e0c63ae,Charlene Robinson
ef26ff79-a052-48bc-82c1-c7ab59b21757,Scott Perkins
cad12cfb-c4d3-404f-abbd-32ccca8f3e3e,Brandon Roy
9bfdd223-bca1-45f8-8862-716f9f8bf996,Christina Gonzalez
1a9d4a54-4c41-4aa3-bfd1-0b59c0ba5656,Anna Hunter
5f8d0b44-758e-445f-b98d-cdc283105017,Jeremiah Smith
43cf9e73-e8c3-435f-a0fd-8ae7b535f17d,Kelly Palmer
e1bb4fed-0296-4538-89f7-cea706d4b2e6,Brenda Dillon
42e02d74-78f4-4bd8-9b28-1a43f3692c15,Taylor Summers
ffca92c5-3bca-45c1-9032-ab8fe0ef72cd,Dylan Lopez
5a700e97-55ed-4d6b-8e86-4dbe9a1739be,Cody Gonzalez
23f881cd-1933-44a8-a39b-971f14b14f69,Stephanie Quinn
c0eebffc-b3b1-4182-b0bc-45d024875b96,Henry Zamora
0e3ade28-2f73-4f39-bca1-ce4817dbf85a,Mr. Matthew Meyer
9b9158c0-e057-49fa-9982-0a5546f0955f,Carol Lee
e17220ab-7497-4e29-b242-459a5f6cdc0b,John Norris
551652e1-b42e-40c5-9b77-cd8a8327027d,Erin Lucas
3d44c565-b214-4ce8-8b2d-4d3eb25e4825,Dustin Andrade
cd7f61ae-ba3c-4877-b1cf-37cfe6b80a76,Ryan Austin
32694833-6c14-4078-81e1-179c517af8f6,Deborah Page
637cd62e-38bf-4508-8b6b-651d257bbbfa,Lisa Martinez
3af2d115-3bee-4660-9229-2f2064830822,Debra Morrison
056db600-014e-4657-aaea-58868c182d4c,Tracy Garcia
acc8e195-f3b7-4c65-8592-95b759b1ffd4,Lori Butler
29335ee4-9c60-4e5f-bf95-eaba216e0ee8,Melanie Pena
a398a4b3-56e1-405b-a9cf-54ca4c6a6b52,Erik Mason
ea8fe772-d87b-4711-808f-c7570e1c9f68,Peter Ross
be56995d-ef83-4eee-97ae-da53e13dfbed,Katherine Griffin
e86ba884-2e3f-4c14-8ee8-b6be65d5468c,Laura Hernandez
7099a9a6-4b0f-4a95-ac56-095f3a4f8893,Kyle Martin
d91d3f12-7c22-4b71-b937-c9cdbce85f34,Pamela Peterson
db73ced9-2403-415b-ba16-ac3f23284427,Charles Bolton
adb0a920-fb16-4e26-a710-8bb1d015b091,Christopher Villa
222f2214-0a7a-4c48-b145-299cbea84ddf,Angela Smith
62b26759-7a97-4dfb-b166-15c74b1678b7,Derek Marshall
87af06f1-c894-4cc6-9577-11b284e2f037,Michael Conner
20cd0c40-6c1e-4c6e-a04a-100156f70a94,Kim Moore
3cf0b68e-24cd-4a34-9e06-ef780290a862,Mark Mitchell
635a8d70-93b8-42d7-9497-8295dadac24a,Lisa Townsend
16542fb1-e1af-4c1a-acca-691ca416ccbd,Kristen Ramirez
174c6cf0-46b6-466c-b7c3-822d08259f8c,Rhonda Small
cef335f5-611e-4bd4-969d-97a934f805d8,Kathy Thomas
a50c2c2f-9c44-42a4-92ea-438fdd205b55,Jonathan Johnson
8942e91b-a7d1-4700-81ec-91e1bf4330e0,Deborah Ward
1ec3ce57-56b2-4655-a99a-0c23b3a3b9eb,Justin Leon
66c8dd34-071f-4a9d-8d0c-df52790d6fca,Christy Acosta
89bd22c7-590d-42a2-afa1-f326f56d7b30,Jessica Thomas
399dd4d4-07b8-4fc0-9b83-9639451a735f,Bruce Cole
741db438-d609-4728-ba60-4a75f066f432,Ann Morris
95d77611-e6a6-43d4-a310-3cf27ddecf1f,Aaron Wilson
66b0fd7e-9f62-4416-8e42-b32a71e13b90,Carrie Abbott
68f0ecba-7139-42aa-80b7-aab6fb5d484e,Jessica Bauer
47989ae2-1544-43d2-a2f0-cadc46ff3269,Nichole Garcia
69682b15-a88e-4113-967c-25eacbd9f4ad,Deanna Torres
51214454-7c5e-43ca-81b2-0c401c7bbc31,Mr. William Baker
6131e519-84fb-4726-a81d-026358b2d7e3,Joshua Mann
9d66c361-7060-46ff-b83c-ed1cead57bb9,Ashley Roberts
4cb66824-3807-47ec-a7f8-26b92dccf6ab,Tyrone Ryan
429545d1-c526-456a-9b3f-76ff99ab4dba,Dr. Melissa Russell
95a67ebe-09f7-4196-b8eb-8d0badf0d146,Kerry Tanner
5fafd83f-0bfc-46cc-9228-eebb9c6badeb,Mrs. Hannah Figueroa
49139583-1721-442b-b565-79db3c22230e,Stephen Young
a4671a3f-c01c-4848-9384-f7454cce7095,Lisa Pierce
ce810722-6ee4-43e9-b7eb-c7cb0e4b399b,Lauren Rodriguez
90ea1a25-6b54-42e8-89df-2dfe44c0426a,Mary Pacheco
8279f604-5df1-4afb-80cc-5abb0e68b231,Renee Gibson
9c70f9a8-1eef-4510-814a-ef4fb4febdec,Denise Anderson
8db5ed11-c212-423e-99a3-47949e1ed0f2,Shirley Stone
3f27cd78-50a6-4126-ac9e-ba7d0762011c,Kyle Mckinney
97d22d48-caa8-4bae-a9ca-56410c7bb0c4,Matthew Jordan
d96b5a0a-5387-4b20-9186-a25c80bb9c8a,Eric Young
3a3d42d9-b8bb-4343-b836-d3f729c2b7e1,Donald Diaz
8e89fdcf-6fd0-43af-a1a3-434aaa5a7d2e,Rebecca Rodriguez
80e13bb5-1a96-4af6-a728-72ca4f090d24,Kayla Brown
7d254f70-df27-4b5e-a56e-6d5a9bc3445a,Douglas Burgess
f0e1d8de-eba3-4ee3-9fc0-09491183e620,Edward Bush
7bec61ba-898e-4775-8bb1-3849d3879d23,Brian Church
e212af28-1138-49b0-bc2a-2f9069b58a63,Hector Campbell
9deae531-05a8-4718-9f14-59dc3b5359bc,Heidi Randall
7426c564-95ad-4ee6-98eb-e4c616c38a6b,David Hanson
100b31e6-833a-489b-8fb3-bd8f1d36010b,Lynn Ramirez
dbae3a49-18c8-450b-8db5-e1baac59de41,Dylan Anderson
eb99efb7-a1c3-4ff7-a1ea-92f5086061d2,Shelly Benitez
6a5013cb-a486-431d-87f8-72eac10528e9,Brandy Mcdonald
6399ebd3-31cc-4b12-b83e-6dcfd0c35078,Nancy Mercado
e98a9877-5ba6-4cb8-9108-de500cd1fe81,Brittany Johnson
dd79a9a2-0b7e-44e1-b89e-b654cfc41715,Jeanette Johnson
341b454a-544d-4edb-aca1-32d73a60ffc9,Rhonda Gomez
a7b601aa-63b1-48a2-b232-4794f31fd5ce,Stephanie Adams MD
8d651ee5-a760-4304-bce0-e31ca2593551,Shawn Baker
75b45ec8-dd8f-453a-b57d-a87403831cbd,Veronica Buckley
65cac3c8-659d-42bf-9507-adb6a0fb05f0,Brandon Shannon
79411ba4-5994-4758-bae1-7e0c4370563a,Amanda Herrera
3c0d48a0-d615-47f5-9b29-5d659f71e381,Mr. Jeremy Cameron
a9c38381-678b-4bd0-a988-b8507c70b8bd,Catherine Navarro
b18b1506-4cfa-4df6-8343-496288a11c72,Dwayne Johnson
8a14e728-ab82-4a42-9b66-608528c8d439,Matthew Chapman
244bafdf-5c37-4214-885f-20fbab61d1ce,John Lowe
9f9f4b65-a999-4b1e-a429-e596da7595cb,Christopher Torres
b75c0783-f402-4938-8868-f942a2773eef,Angela Weber
4c98930d-d669-4794-b383-d49a7781a4fd,Brenda Kent
257c630e-813c-4090-b12a-df6e331ab18a,Bonnie Jones
a906f666-2cae-4723-b6b6-726d509e3139,Sheila Fisher
21078c56-82b5-4e9d-9ec1-c14e9b9860d1,Frederick Wiggins
a01affb6-6fe8-4c31-b5f1-eb713745cbcb,Troy Hayden
6db9c113-44ea-441b-9fef-ef3bce5be407,Justin Duarte
fd469024-d4ed-429c-a317-166103db5b3e,Benjamin Gilmore
16f3c211-cc68-4548-8400-750ead77b9c0,Melissa Lopez
1c9ab4ac-02f3-44a6-a7b8-b0779edb24e2,John Larson
e8491a39-f69e-4c29-90b1-652c33439aa6,George Moore
aedd536b-7cdd-4203-9167-255fa582c98b,Louis Walker
c72405dd-efec-4b60-b972-505eb0306cb6,Linda Contreras
1c6100ed-4e5f-439a-a20c-01057266fff2,Christopher Graham
9e97f7d9-04dc-4fe3-baf0-edf3515f2690,John Lowe
15b23212-0d48-4b36-8e7f-87ea31282cb7,Lauren Hill
9d387ec9-8036-48f2-9d86-d8b71637b153,Ryan Byrd
06311f15-14c5-4b6b-b80f-98c77887bfc0,Ronnie Anderson
e8bb4710-c176-408f-8f7f-0552a9317ff4,Eric Francis
23b31dac-3f44-468e-bf6a-8a619dc4a268,Lawrence Mclaughlin
94da1eb8-850d-4d17-a46b-8b706659ffce,Jay Cruz
8e260e60-12b9-4c7d-b256-d9fccb28b489,Michael Perez
04740e68-c241-4b0e-b846-e78bb14432aa,Amber Cortez
8c005444-e3ac-4f8a-b36a-39fdd42772fe,Elizabeth Ford
6ddfe81d-c85d-4c2a-ba79-6243058245aa,Jacob Reeves
88d09a83-e322-44b7-9a56-92a6f1e3c767,Pamela Smith
13567ffe-3c13-4a3f-9b62-780cbd6a166e,Nichole Brown
e2b6be6c-02ac-4009-910c-2df672baf57d,Claudia Rodriguez
690acf50-1097-430c-adb2-59332bd49441,Carrie Russell MD
4c75540e-f65e-4384-819c-8487260f9da2,Rachel Graham
23e5a118-1e3c-4693-9b40-2743200c0970,Christina Ramirez
8e43d1a5-fd4b-4585-b7c0-703831438b97,Ann Yoder
c6ac30f3-ba7e-4b7a-83bf-522765cce1f5,Barbara Pearson
58eb3fba-e5a6-435c-930d-be68d8426ac3,Yvonne Watson
b4829f7e-b223-400c-acea-0e09771d6df0,Jason Richards
36288a88-3d8d-40b3-bbe6-937ecd642a0e,Brian Velasquez
57abe947-5e0e-4a46-a49a-3b45084d6f96,Terry Rice
e56fbb95-f277-437e-b205-13f4a088d64d,Andrew Aguirre
af4c0620-a67b-4ece-be66-ee29632418ea,Donald Weber
c4cf8b84-bb2e-46cb-a7d2-90e39756a423,Brittany Rodriguez
97278b43-0bf2-4f11-a677-3d6625b6239c,Maria Cherry
4726a87d-b577-41e0-aa2b-dfbfb6182e50,Sean Manning
783db48f-e1e1-4cb2-b74f-4aba1dd520c2,Mary Gillespie
c1481a73-dd25-4ab4-8a9b-6c8d39fd09e3,Joshua Turner
2057d0d1-5670-4c57-8068-cce52e99fa42,Donna Garcia
98aa623d-8e6d-480b-a442-4c67c693adcf,Holly Lee
befad0bd-fdb7-48a2-b4d2-1e6c7523ac37,Brandy Ford
4d3947af-b18c-4adb-8dc4-ef4e29cdebb3,Seth Frazier
fdc9b1ea-3756-4792-8738-42e380119c63,Ryan Martinez
58e48dbb-6154-43f0-81c2-fb063c665bf0,Jessica Meyer
33055e42-5340-4828-b3ae-a844fa064e4e,Caitlyn Hill
487d63b0-56b7-4a78-985c-6363adbd9743,David Cooper DDS
59bb2d2a-9521-45d3-82a9-a6d8dae13e4d,Bill Owens
467a806c-4deb-42cc-956e-5d61f359bf71,Edward Ortiz
8777ba79-cca2-47c2-8560-4c40277b52ff,Dr. Chad Chavez
d87497a5-a23b-4619-a7e2-0a2652c9893e,Ashley Bradley
df339ff7-7d63-40a9-a6d8-48469e26023f,Amy Ford
5ca2ca9e-ac41-495a-bf19-617ddf30c9b8,Kristi Keller
fa5a9256-f3c6-4e8b-a155-7d49e8798568,Erin Baker
08050280-9d38-4463-be08-7d69242a509a,Chloe Payne
edb56579-2e25-4737-99df-1daa2d33b6c7,George Garcia
f352a78a-4d9b-46ab-a6ce-57815177cc7b,Connie Collins
17af9e62-6476-4423-a3ac-8c6ef3e4b32e,Jonathan Arroyo
50439527-161e-48d6-a2de-ce4a49f0e45b,Andrew Perez
d2abc564-0efe-4cf8-8160-b6263e649f5e,Madison Davis
270ac134-051e-4b0a-be0d-fecfa4fdfb23,Randy Lyons
8590dced-1429-4a75-8b2b-52f3df4f372e,Justin Taylor
e9c3c8be-b643-4f15-8a53-92b8005fa897,Bradley Monroe
b949cb2a-dc13-4fe0-8577-bea097357499,Michele Allen
b4711a6e-5799-44d8-953a-73387bafca99,Dorothy Schultz
8e3c1a7c-8c70-4fe4-9e6e-21bb58eca5dd,Stephanie Williams
c075e706-f8b0-4780-8074-e43796a67e5e,Leonard Jackson
169aca39-9810-4197-9652-b7620b3869ff,Jeremy Shannon
0278f904-2460-45fe-805a-7514e5c5348b,Connor Hernandez
4dfea8eb-d1fc-4529-9c66-4413284522c3,Joy Lam
62a3c6e8-0ba7-4266-8abc-5489745840bf,John Marshall
490194ed-2ccb-4683-8390-deded103db75,Erica Scott DVM
1467aba5-764d-4a0e-b087-2eb97245748a,Miranda Dixon
4e7e1cbb-6060-4d16-8a15-cf8ba068de11,Andre Sanders
8976c70a-bb13-430a-b56a-f3959a799f37,Jonathan Bennett
cc0d5f71-9879-42b5-a219-4bd1df03fd18,Susan Maxwell
aadd476b-c0ec-435e-8838-55b7c01dcaee,Sharon Marshall
84ac5ba2-a93f-4f12-9638-94e35ec16f9f,Jeffrey Love
d3fab1e8-9013-4340-90d9-ea8534adfee0,Robert Skinner
d3c7513e-1701-44e4-84b2-49e6e01ad510,Elizabeth Chapman
6f580ca2-819f-436e-8f51-bd263a6b4cda,Stephanie Nelson
19b84a1f-1f02-40ef-9bb8-02530a5717e0,Christina Roberts
79eeebb9-652d-4562-b16d-04c2f2c57e7f,Daniel Mendoza
4895be0b-39d6-48c3-9157-7758439ac7d3,Travis Johnson
8335fe54-1eae-4076-a792-2a53fe21e6b1,Kathy Haney MD
d657d584-e3e0-4a9b-a3ac-8fe3f579c50c,Vincent Clark
34049117-dffe-4f01-8d60-7a1068a5589a,Ashley Lam
7b91eeb7-fa71-4f2f-8632-b69ab6a35a1d,Megan Wyatt
d1755664-f063-4d7d-aab4-e7d03d576690,Joseph Boyer
1fa1487b-f894-451b-b04f-7a7200a74618,David Webb
e5f865ef-6fbb-4b68-8f2e-7a6b5a95c9ea,Zachary Turner
8007c0bd-f163-4cb7-abfa-e28dcc266146,Tony Garrett
c44764af-2263-4deb-8fe4-e4f2b2d13724,Charles Allen
f40e3b25-cee8-4de9-910f-21bfe71a8cd7,David Black
9f82e8f2-c677-445c-bfb2-b4a9288ccfd6,Tiffany Zimmerman
1edd5293-bde8-4075-b825-28e680a8e61a,Evan Williams
52298c84-4322-4722-aa17-beafd7c59fe5,Jeremy Cook
a6109490-7092-4eb4-a1fa-888ebe3a170e,Caroline Lucas
91e91e4d-301c-4876-9695-0871bf283585,Matthew Morgan
b0c92729-9561-4598-b8d7-65bdd00f3932,Carlos Lynch
67552327-3b72-4d56-ab4f-0d507cafe27f,Thomas Peterson
d21485b0-f9cb-4480-bccb-98d7b23b1d5b,Michael Flores
d4b1e4de-2f1c-4079-a6b7-9ce9c0d0268b,Ryan Jones
828201ab-e9dc-4bdb-9f69-26b7ecf7a7c3,Michael Rodriguez
ad364303-8c03-47fd-b327-f94faa757a15,Ms. Dawn Wyatt DVM
2a0bb5c8-d43e-4350-96fb-bc8b54c5f8c0,Cassandra Torres
a8bf464b-6543-45c9-a480-926017b5b4f9,Kyle Saunders
f9db10d4-fc8a-484c-b885-659ed87382de,Brent Barber
50d41e1c-bd60-4921-a5c9-5b5cdaa2a96c,Tamara Odonnell
99f5e2f9-1a73-4617-ad6b-3a2eff1a194b,Kelly Wells
d2513f3d-4a46-4ec6-90f1-3d21e940e65b,Samantha Anthony
3351b4e3-0e2b-421a-b80a-31650d31f4be,Corey Rasmussen
93a887bb-acbe-47d5-86db-b12b4f10bc02,Richard Martinez DVM
12ca4ad6-e157-456c-a6b9-891e2e97f019,Valerie Russo
2553b311-1d4b-412e-9689-31020b5fc61c,Patrick Bowers
c83e954a-feca-4859-8dae-94353e8306c7,Dustin Sanchez
4cb9d310-febb-4618-8907-60c705978786,Darrell Cox
8d495518-6afd-4517-a67d-31f190d7b6ba,Katherine Roy
3584271d-c162-4955-9115-dc845cf559db,Susan Humphrey
3012eb22-a9b4-41f3-b40d-cf5bb6bb0691,Stephanie Campos
b4c7678b-9dca-47dc-bb8e-3a12b3528ffb,Samantha Humphrey
c86648d0-c8cb-4e0a-b90c-f6e3f0698b22,Teresa Perez
4ae117b5-93ff-4040-b11f-32125aea5d3a,Lucas Fields
6f9af411-2d71-4a5c-8570-9c8b8386aeca,Maria Phillips
13e18404-fbeb-4b5b-ab67-d77965c5804d,Charles Johnson
3ec8bd07-0ada-42b1-8159-e4c7e887228a,Mary Martin
0d7db9ba-d85c-4c04-9809-d8658369c619,Natalie Pearson
110a8d0a-8554-4afc-b2db-f6d537d58bfb,Jose Cook
4378c854-0bf4-4cbe-b113-00643580647b,Jennifer Stevens
a8e27036-ea1c-4d93-9138-a2083058b098,Mary Lambert
fb55075c-de39-4b02-9d6b-aff1acb29456,Maria Nelson
d63e9bf2-dc48-49c2-80c9-da2d115119e9,Amanda Fowler
14d4d354-fa52-4da5-8fb7-dedd7d7164c6,Andrew Foster
912fa400-c935-42fa-9f19-e2721d23edaf,Alexandra Cain
ae1127ba-702f-4eac-acae-b1413dac15d7,Evan Marshall
a38c77cd-ae7b-4f65-bf0b-ffb02a36cb73,Alyssa Cruz
aa144642-9a70-4d10-a2af-2a1e3811af71,Karen Bennett
a2c980b2-6b3c-42a7-afc5-8fb308a9192f,Glenn Lee
09e166ee-dce6-4db2-9390-81d1f6ebb78b,Audrey Campbell
e58e3d88-986e-4342-874d-a3df43d561f5,Allison Young
cc27d277-2ee1-48b5-9e7f-b04647967658,Christopher Hess
2a1dd3bd-53f9-40fe-bbbf-74211f706fc4,Paul May
7afde75b-ad48-43be-a6ad-03ced22d71a9,Chad Willis
9f4d6485-886b-4a44-bba2-c4fb85227d60,Leah Hensley
63b43cfe-8932-4150-b8dc-0ad167a5348a,Lee Miller
304e6261-bf17-42a5-a0bc-13e31c7e5bb2,Joseph Heath
cae6b15e-d258-4e69-aedf-c521c4c22a02,Colleen Johnson
b7312253-0247-4253-a03a-fc2b4935de91,Kevin Booth
6f0caeac-a696-446c-9200-ba466ebcf332,Stephanie Sherman
17001793-0a7c-4316-9e8b-85c54f35f309,Garrett Sutton
756ea9b9-7b28-4560-b8e4-bb38f542e062,Patricia Patterson MD
a4cf8d32-3d43-4bf6-aeb8-f27752965ac3,Jeffrey Cannon
ec4b204f-ed96-4363-a8f9-ab9bd76aabbf,Christopher Haney
20f67f4b-6ff6-41e2-8ded-1ae1be838839,Dylan Smith
d38c327d-f54f-4cb1-b3d1-e516fc713788,Mr. Nicholas Smith
3558a297-d855-462c-b678-220bcdb316c7,Christopher Cannon
03e4bb2f-a444-4a5c-8443-7cb1a4bbbaf3,David Donaldson
2e3fcab4-3782-490c-9876-4bbf66ffc341,Bruce Henderson
2858e4bd-2337-4bff-897c-4cced1b8f0a6,John Farley
3e37ab17-1739-47ea-b15b-56f86f04df07,Benjamin Adkins
98c448be-3b86-4e41-9199-0d77e5fda826,Rachel Willis
46fc6c1f-d179-4d89-b7b0-857567f441ba,Renee Price
cb32b479-0720-4548-a32f-135b15869cf8,John Weaver
1f63c6c4-9f5f-490e-89d2-cb703766db16,Daniel Gibson
96c404e6-2aad-40d2-94bd-f304d2dd288d,Jessica Griffin
3c5cee48-4a73-4d09-81ba-79866f61aea7,Kathleen Williams
a9d646f5-602b-47e2-a33d-c9d61d28e357,Madeline Smith
b7829cb1-d277-4b81-9e96-6fe61bf7bcaf,Melissa Nelson
c7372f61-6249-4fb2-baef-709774ade083,Jennifer Miller
99f85e3a-af32-4fa4-9ac6-36f4ed5e5a35,Christine Gonzales
9e5b430d-b8d5-4fe6-aa71-1af9e9471a55,Dave Murphy
fe6d1385-22ff-4ead-bd2e-328cbb0fbc66,James Santos
26ea6364-0b79-4930-bf16-4b21bca2e3f2,Patricia Smith
619db86d-8378-47f7-be51-eebd915aac77,Anthony Silva
c477d715-af9a-425d-91e8-029f7d9c25e8,John Roberts
fbf7339a-ee91-4a0b-baa6-d0adcc510f2c,Melanie Mendez
1cc450de-9d92-43c2-87f7-30e1c867bed9,Reginald Smith
cd9f5af9-bf4b-4b77-95c9-55e87494adfa,Kathryn Black
35b0cef2-c1d4-4fe6-baa9-13d148ab7e6b,Annette Turner
dafc4ad0-10d6-4a47-9df9-c766d74074bd,Allen Harrison
4f8ed557-50d1-49b4-a36b-b79ee3d8bc11,Scott Young
f7cebeaa-a420-41ad-b17b-bc49c34f8cdf,Sabrina Black
fcbba8f0-460d-4b8d-9f11-01eaacdc7ab4,Connor Jones
470f3e6f-e490-455d-a141-f15856d8ddd2,Jason Chung
f9b89d1f-6412-4cf5-b8ef-5bc0c80d9d6f,Darin Burton
a6e5dc69-561a-45ff-97ea-1a3e5a8ea46d,Kimberly Haney
42e2644e-c1c6-4b72-9b18-9b275a12c80d,Edwin Marquez
6ef104ed-2537-4359-85b7-0f20f5b0cdce,Elizabeth Blanchard
3c571802-ee8d-4309-aa29-fd01e86ad7b5,Shawn Stevens
4c5d9222-a18e-42ce-8d0e-5bb8ae125794,Rachael Kelly
d5e32a71-72e4-4f7e-874e-eccdd4bd6ff4,Melissa Webb
814185c2-70f5-4485-9e03-34c47edcf387,Michael Macdonald
1c5ed1b3-c2e3-4996-8ecc-4be7c863d7f0,Cheryl Robinson
ed393c5f-5a54-411b-a7a9-d9ee4427b10a,Theresa Pennington
4de26c58-7d6e-4820-941e-dd25d0e05de4,Monica Warren
adf429e8-4fd6-40e0-94ae-f872d64ad60f,Troy Lynn
30e060c8-c36f-439a-95fd-4acd4b4fe107,Christopher Holmes
795d347c-9792-47d6-86ad-0b81618f21b4,Victoria Russo
15bcd79c-7267-41b7-bd1d-97b76104b53c,Elizabeth Lynch MD
339b7f52-bee8-4b64-98b7-03fde82f030b,Jessica Bowman
e5e8abda-562b-4cc7-baac-8d84158937c9,Erin Chavez
9cbf0884-bfb6-4e89-b17c-c066d7b3efb2,Paul Barr
d0111d8c-c818-44ea-907c-250328307b5f,Benjamin Turner
9e97b1bc-1a54-4ffd-9f7f-a19bf09c14e2,Dominique Gray
5c7b4ece-2b63-48c6-b9bf-924ea5ef78c1,Janet Martinez
09d21c39-8098-48ad-b7a9-7bac87343d4c,Jonathan Lee
b06ecacc-d1f6-49b4-acb5-cfc98cccf9a5,Timothy Bowers
238e46b7-5f1b-45a9-b328-0705ff07936c,Michael Lyons
948734ad-b7fa-4ba0-afca-5ef88ca828be,Douglas Johnson
741b5ede-d01a-4258-8214-ba589c1ced23,Carrie Silva
005dac43-5000-4d80-af7b-7238713868ea,Megan Mcdonald
3466e95b-d76c-4cce-88db-7c82f7c26030,David Gomez
04bbdd5c-2311-43db-b5ea-c294d3dbb3bc,Corey Francis
1a3d685b-c419-487f-b692-7bb5e4c412ed,Corey Mueller
173bba5d-4515-4524-ab6f-4a3c549c4035,Brandon Alvarado
16776023-cb4c-4549-b56f-3d099d909595,Natalie Wilson
f2789c4b-7ced-4b20-8e9c-7208a5e47931,Maria Cabrera
5f629f83-6234-41e2-9a05-1969a8e5d6f6,Jason Ashley
87046ec2-5a00-405f-a37d-3b404bb3dc8f,Kyle Logan
028b7e1f-f299-4c88-994b-0d0189d6e39f,Richard Richmond
04b4c368-2572-412e-91dc-0dd63d3b1069,Gregory Wyatt
8f42e907-4686-480d-9abf-2e174572e682,Mark Lucas
2630ca07-463a-408e-977c-de5e6e0c689a,Krista Young
f2b3dbae-e3e8-4cfd-a191-e8625d940541,Ashley Elliott
708fcbb6-e732-4409-b5fc-3562a906a20d,Katherine Martinez
b298365f-4419-4aba-97be-39a87ab56895,Joshua Gallagher
da18a66c-b876-4081-b5be-92e493b11e45,Lori Chavez
be167b4b-8610-4a27-b144-0913ff0318bd,Raymond Garcia
d640a482-5cfa-466e-9243-907c828ae81c,Madison Mann DVM
47325094-de6c-4ff4-84ba-3f756be94376,Kimberly Jones
08e47c90-0731-4fe0-bfdf-d056a37e7dd1,Janice Bond
20690193-492b-4952-8952-4213b4f6d3ee,Mary Ryan
7e3bbdba-2480-424b-ac83-4d16e4c17b70,Melissa Brown
8b202420-dee4-4b3b-88c2-bbe3e931a1a1,Thomas Garcia
e113a301-0c3f-4823-a969-f97e841e6d98,Alicia Holder
07c8f33f-e236-4713-a77f-9666fc9a272e,Jason Parker
d8bc3196-dd66-47dd-a755-6156c1d4fb27,Miss Carol Garcia DDS
2ed4b4b8-4d7a-47a7-9142-90735397f7b6,Brandon King DDS
28337d78-fa92-4a8a-844e-61e1d376fc64,Jill Smith
acf9d0f2-7d46-4e91-8352-6fdfc6f34a9f,Robert Robinson
bb7d432e-9f88-4333-9399-65bec2e43eb0,Nicole Johnson
c283f1be-29a3-462d-a773-7145522f68e8,William Garrett
bacc8bb4-d156-4b73-b662-98e9c0995b05,Carolyn Bishop
18af3876-f203-4c0c-a963-0795123a2365,Robert Underwood
998c15ae-2dc6-4458-9344-c9237ae34674,Robert Oliver
ff5e7bd4-004e-4e85-873d-22ce878dad08,Kevin Evans
1ba64e21-86fc-40a2-8115-129c01de90c9,Robin Reed
52a45f2b-4889-43be-bcd6-5286018e1989,Daniel Jones
d166345b-4541-4701-90d7-ef3720ee891b,Max Daniel
c0c2533f-1003-41e0-9b93-fb589ed39ef9,Brandon Duffy
3e9a00b6-7f3c-48a9-91e5-986f5585d675,Kimberly Cherry
3a341736-ee3b-40a9-a37d-ad7950f83119,Ashley Lewis
787ae1de-6454-4b83-abed-c3d78bdbfe51,Christopher Hamilton
9eef66b7-66bd-4a48-b8a1-944049578912,Robert Riley
bec887bb-8e31-4daf-8317-4772648bf5c8,Daniel Wagner
cf7f5357-999b-4d85-b57d-75972a42e2cc,Brett Brown
74db4c18-9e1e-49fc-9827-5863c096fd48,Stephanie Reyes
ec0954ab-9b29-418e-b87f-549b6b2685ab,Daniel Nelson
9767e2f2-a838-43ff-9cf6-62d196fbd8dd,Clayton Brown
729917b1-d54d-4de8-bc79-517fce9a0fe4,Danielle Anthony
b17e8eef-c3f0-4f16-a327-d37e0581d0fa,Ashley Sullivan
4bbb3ea7-2f68-4afc-870b-062a88baa5da,Richard Jones
2a45b372-2cea-40d0-83f0-ba8852501b17,Gerald Castillo
3dd5c30a-b153-487d-bb77-dad1f0d0b91d,Carl Marquez
8cf50ffa-4e5b-4be3-88cd-ce2b0ccf4414,Sara Martin
4a24fb0d-1563-4f5c-8ee1-e3bd07eaa0fe,Michael Mills
1974ccbe-472b-4c89-9c4d-a543d755f9f4,Terry Simpson
6cc4015d-36c3-4785-a49d-1711c656f65a,Michelle Velez
3115d167-c937-427d-92b5-09893c44a3de,William Smith
83f40bde-3380-411e-ad38-1ba117e91798,Paul Green
1cee7680-11c9-4572-b235-1e2478668617,Larry French
024e5644-c32e-43a6-8b1c-bed970c57596,Benjamin Jackson
1d00d311-72ce-452c-8b0a-cd4c31d86194,Charles Pineda
d71c9c0f-41ae-4d36-bece-1f8625362849,Dawn Thomas
a1744c27-7cd5-487f-bd4d-4676f054dc5e,Michael Gonzalez
45abb627-9d7b-4eaf-91e7-6ef9ce94aa90,Daniel Kaufman
4d4798f1-6357-425c-93e7-9f8513f3433e,Abigail Wolf
47189783-c34a-4a46-87d5-0c4da958a6f8,Elizabeth Walker
f0b149a2-06ef-4173-9276-518feafc09ce,Christopher Cain
a6abe52b-599c-4e42-8c4d-fbb97e3c2c43,Carolyn Carney
4dce4b32-9fcd-4d86-8332-41d6e970996c,Ashley Le
c8f572e8-8ca0-437e-be97-0735f576648b,Justin Miller
76069fe3-4979-4211-b12d-6e4c1d6343ba,Frank Montgomery
df91775c-379f-40fa-aeff-802e1a83f790,Brian Porter
fd3ec696-1e94-4e55-af7c-84c144c3206b,Ashley Anderson
9fb87732-9e71-40fb-9da8-f3fe0d564297,Pamela Rosales
0307c8f7-72eb-4d24-9f81-bf584dd238b3,Elizabeth Schmidt
07566cea-070d-45cd-b1f4-1a47da08d3f4,Stanley James
a3048630-fafb-4ab8-9d1d-bca1eff3ef5a,Taylor Smith
375ca811-7a4b-40d1-96aa-401413e03556,Adam Reynolds
2cd19379-3fff-407f-bb34-00e6d72ee26c,Jacob Lloyd
7007b97e-55a2-4a95-863c-9e4015ed5c8c,Brendan Rodriguez
7e4b65cd-0052-4026-b4dc-97bb99915c22,Kenneth Holmes
5f19c716-aa8c-4dbb-99f6-37ce3ed57f51,Sara Powell
b3634528-8c88-4d0a-89d9-108e8ed8db95,Melissa Pearson
e61eef5f-b51c-40ae-9c41-34e1f3df0885,Matthew Rogers
999fde48-cab7-4120-be47-34e18ec82273,Jill Mcknight
a042f76d-5142-4a98-a7b2-5ea19b9272ea,Tara Osborne
d5865bd1-d401-4ac8-afb1-a397bb77bbef,Marvin Kramer
3ebe35b5-e9df-411e-9a3c-888832650f23,Manuel Price
905c95a9-0f78-40a7-b554-f7ea35de3735,Kathy Thompson
f51d9913-60f9-4903-a429-011d6a4a2085,Emma Mitchell
914f2c3c-07e9-48c5-b065-8a0e8fa703d6,Jeffrey Foster
c67cd0f5-de34-4577-a565-cbcd2159fd51,Matthew Rowland
952fc0a2-61a3-4805-a0c9-8cb734aa80f5,Devin Cabrera
a9f68bd7-a34b-4114-9ab7-e0fb113c8395,Joseph Murray
f2639ee5-eb95-41ef-8149-9d5198d44af3,Michelle Olson
99233829-d5f6-4a8f-ad26-ad0f16c1151d,Jennifer Manning
8ad002d9-0785-470d-a674-6f9740e02b73,Melanie Ramirez
6dec7b42-5278-43df-8088-9805de7851e1,Sara Dominguez
e5900812-f6ac-4b2d-a82c-501b6d86e75d,Max Alvarez
1f897bfa-f642-4198-9d9d-1b5438401046,Lori Butler
4ea97de4-b85e-4e17-8eb8-a6b39763dd65,Ricky Lawson
625bb9c1-31d2-4780-8586-0ea67c054399,Timothy Evans
bf492d7d-ba12-438a-9272-d612b65d7198,Daisy Johnson
efc5060c-f184-4676-a698-cd20e02419f1,Seth Ewing
9072202a-d2e2-4641-84e8-3c7f6943d49c,Melinda Torres
b375a0f8-8727-4597-8d31-2c0f886f6fd7,Michael Rodriguez
7631072b-5fe4-4190-8b6e-15c9b807bea4,Daniel Marsh
e3109603-3d44-48eb-93c3-3056394e37d5,Steven Atkins
27385b9c-d525-4657-a03b-39be25987ad7,Janet Jefferson
1edad796-8d63-4f3e-8145-9c1db3daccd6,Matthew Roberts
b21bfa2c-ae1c-4464-abfa-73a36e6648fd,Holly Harvey
de329126-99e1-4271-abd6-d3383a8ca908,Matthew Walker
1b8118c7-3007-43a9-99bd-5ce4c6567703,Jeffrey Brandt
b50bde5c-12ed-415a-9026-422729effdb5,Kimberly Wood
6b5e5bb8-3514-4d24-a361-1d67aae09e76,David Nguyen
2001b5de-760d-45bf-a452-9714924b5e4c,Kerri Blair
e27c3ec5-2a59-49e7-bbff-916665468643,Eric Adams
e6c71a3d-6386-47c5-a20b-4aaf76009856,Amanda Chapman
aa9d6458-6956-424b-8115-f07a55b7c420,Rhonda Bowen
76b25f00-7bd7-4179-b68e-b1abc37eed73,William Lopez
ca54756b-b0b5-4a6e-bb37-80dedfc93db8,John Evans
c98d4847-aa8e-47b2-bc90-d6ec824a92c5,Daniel Monroe
630b3c4a-342e-43a6-b421-df2f2594f299,Michael Gallegos
b454f589-ad04-4986-8c63-02c2940dac25,Michael Martin
870dedea-db51-4773-b563-441674b29a53,Ashley Santiago
85c0eae5-422b-4e9a-93b1-be524006d142,Dana Simpson
9a237133-36b0-4ab3-bfef-60b1151ffd72,Joseph Shah
cbf11495-6f7d-46ad-8804-a0c61c9a2252,Jessica Grant
aa3c7968-05af-4a65-ad39-59d833003262,Jonathan Davis
e0d94d27-7b1e-4964-887d-dec60e269744,John Gilbert
bcbd1ff3-9371-4529-88de-3a40932af7fe,Virginia James
0c2219f4-1f3d-4138-b8a9-f0535fce4cd7,Elizabeth David
8daf97fa-9586-48cd-96d2-f7e1d168c7dd,Kimberly Butler
66210f3d-edf2-48a0-9924-2f748751ecea,Christopher Moore
4384e101-ec8d-4e93-b71b-6fe75185aacc,Maria Adams
8b126fc5-619e-4d68-a57d-2f759818914e,Seth Atkinson
9b1dbfed-8844-4c3f-b411-b38e2038a7ee,Shawn Cummings
6f72fc9d-719b-4d6f-b418-7b4582f11c02,Jennifer Richardson
216571af-7d90-431a-895e-c7745afbdfc3,Scott Webb
a77902a6-66e0-43aa-a366-14292ec12c3e,Sean Bates
8a1d2b7d-8436-411b-a183-0566a586d571,Christina Rollins
07df680c-9759-4ef6-8019-7121cbd9bd28,John Fischer
aca4bff2-97b0-4a7f-8763-99a806e3dae1,Brandon Lopez
709799d3-d6de-4d77-8549-f57886f9b767,Sherry Thomas
c7b4ad62-5a72-4e11-b78a-a5ba59728ee3,Mr. Roger Johnson
d8c5c06a-d9ff-4363-ba8b-14460175babb,Cameron Smith
fb75b99e-b685-427f-af68-d7be2f525c3d,Kenneth Lynch
c8195a02-9168-4072-ae47-0758f2a986e1,Alex Rosales
8f434ecc-47a1-484f-a1a4-0080e200d238,Joshua Smith
7e226d45-8bf5-4c9a-92f0-8f5591eb5a01,Robert Black
bfae0ea6-f1f4-4169-aeb2-98240228d478,Vanessa Coleman
c1788ac1-f7a1-4c70-a8da-f71ec4c8455e,Michael Cobb
db6cc472-0352-4c1f-b466-cbb045fda259,Stephen Mercado
ac4ac1b3-0141-463d-bdbe-9b287fbec0e0,Julia Sanders
7a03991a-71d7-451b-9313-859504e30647,Brandon Parker
81901db6-d5d5-4e94-aa39-c77b2c8183f4,Victor Ramos
fc0ccb85-82be-4065-80f7-d0fe86740ef4,Teresa Summers
3ca961d5-cef6-4af6-b4d0-ec7d07fc75cf,Ashley Ross
725b2856-3823-4c41-bc47-1fb27a6c32bd,Lori Williams
4118c9a8-c20c-41c4-82b5-4c37af7dbf63,Alexander Johnson
e5987387-ac20-4f63-ba82-2821c7c58c4e,Terry Welch
a1a04fe7-80cd-440e-ba2d-76814ff11cca,Shannon Alexander
2dd34843-9436-425b-8f6f-230953b4913b,Ashley Santiago
84342fd5-70f0-4d6a-9fff-69ab53bf388f,Matthew Stewart
60b20792-d2d1-47af-9d34-e61364d410e1,Robert Torres
e769afc3-08cd-4c14-8bf6-2dd70373ef99,Alicia Webster
e4412003-65ed-464a-8af4-a6205ec0c451,Jade Martinez
c4dbdc04-68a3-4329-8bd2-fb0130dc1a9f,Lisa Lewis
a0895860-594b-4100-a12b-45ff8711949a,Gregory Hayes
5fc2e24a-19f8-4fc8-9e7a-839b4f67c41d,Bethany Baker
1ceed3dd-c795-4727-b5ca-0c844794884b,Julie Robinson
fdf709c6-1cb7-4624-8954-2275e114858f,Thomas Horne
c7728e4f-6105-4529-80ab-4309c38439a2,Michael Cruz
60c3052b-c267-4774-8299-c95c257ebf5a,David Curtis
be1ff947-5668-448b-8934-b7b76e6ec9f6,Jim Moon
1407911f-ecec-476f-a661-89d81fe0d980,Keith Austin
86d71ceb-8a60-49c4-8a2b-d3d03a5f39df,George Shepherd
bab1e59f-a8d6-4ee7-8c07-a5e9721df12a,Amy Roberts
70dde0a7-dab0-4521-9cf7-aca500c4bc87,David Thornton
a5fe42ce-13f8-4cd8-afc4-62e3f89a9033,Sheena Lewis
91b13b01-701b-4699-bf85-cb54969d070f,Nicholas Meyer
090a7f08-40bc-4b15-83e3-dc00a759869a,Jennifer Porter
5aafd5d1-f30f-4f48-90a5-b11b44ba73f7,Benjamin Rice
acb9779f-8fcc-42f4-ab79-51b08c9b9436,Gloria Huynh
7e08a2dd-b12a-444e-b478-e140e85219e1,Mrs. Shelly White MD
c7471b2e-c2c8-4bc3-8e6f-9e27d22e9e9a,Charles Hernandez
6b735001-517b-4a4a-ae35-72c592f43d73,Nicholas Ballard
62bcddf2-f504-4015-91da-87b9d0ccf6dc,Brandon Hill
35bde0f3-08da-4ba8-a8a5-97a611163e5d,Kaylee Pena
b333666a-bb60-4abd-999d-080922101313,Lori Rhodes
d506cfa3-1e65-4efe-b0c0-2b52120d3d10,John Pacheco
7a9566de-961b-40b5-903e-fa9dae0d9c1e,Ryan Davenport
c6092675-0b21-4adf-bd3d-138dfe984bc3,Shirley Kim
cb39c753-5db3-4f23-911c-0d62cc3b02e6,Christina Patterson
3067c28a-fe15-4832-86d4-7e54a5e0821c,Aaron Smith
c6855720-96f9-43c6-94ce-117ac23cb58d,Audrey Marshall
c1f593e5-72ba-4584-a8c8-421b8e8fe3ce,Carla Jensen
163873f0-a472-433b-8193-1894e6578db2,Courtney Dunlap
dc773c12-7d38-42a2-935a-235c25fd5865,Kimberly Morris
aa4812cf-598e-49b0-864f-600370718662,Karen Reynolds
b1ff14a6-04b1-4a04-b40e-8f99c0b51fd4,Michael Khan
08f7c974-b490-4889-8551-9929323d3ce9,Valerie Parsons
1e9305db-982c-416c-b644-23804a1f6427,Christine Miller
23759752-d02d-4968-9d95-c75e20b774ce,Christina Williams
c369b7db-6a80-4664-a017-28c11120e069,Amy Mitchell
dd5a667c-1893-49e9-9c0e-670889759e5e,Norman Martin
ec2948b2-5912-400a-aa90-23c00b9753f2,Christopher Barnes
1306a015-57e8-4e25-b00e-3719b87409f5,Stephanie Castillo
963c3a23-5acb-415d-9df3-319674f72acc,Andrew Rosales
92296f0a-5029-4682-9530-ddf54513bd8b,Paula Craig
154b4177-a8c3-4df0-a91d-85a1ceb86407,Dean Booth
7068467a-6254-48c6-947d-90639dbb9b7a,Jennifer Sanders
91b8aeeb-31a9-4fda-940b-f8db71ab80bc,Louis Davis
1d0f2f0c-b179-44ed-a72f-1f7f504b974c,Ryan Garcia
c93c5985-3bd3-4ab5-ac66-d465b77bdb99,Garrett Martinez
6ad40852-db22-4772-a95f-03303ee14390,Kelli Nash
9aef9e75-bcdd-4344-a937-f8ae3cec3422,Amanda Garcia
012a09d3-5faf-4e9c-bb4f-d54d87a68fc8,James Brennan
ed69283d-45f8-450b-89f2-effac76f1f43,Amy Charles
47d54d75-81a7-41e5-8d7a-f296ba11afed,Kimberly Stark
1d476554-0ed1-4cd5-b047-df835a141d64,Daniel Little
a605e5ca-e3bf-4d21-90ec-8c3fe6db4d9f,James Cook
c4aa6168-eaf8-449c-b5ab-197ea5a36ee9,Theodore Anderson
24c2f8ba-56fa-4d78-971a-3c83fac09619,Ann Sanchez
9aa6646a-9717-4b59-bf0e-a5d6f3eb358f,Laura Jones
45e4da8b-b87a-4796-a2d3-34043e426075,Bradley Gonzalez
ee92a81d-d1ed-4ac8-bb76-d6a55aaf2065,Rebecca Bradley
95057a68-3bba-469d-b05b-f392f2b4f941,Amanda Diaz
35bf2119-244d-42a3-beff-af52bc77e16e,Lisa Brown
3c308999-80c0-46cb-a8bb-cc6aca77008b,Whitney Collier MD
3df1fd2f-949d-4339-a51d-121abbc2693c,Lisa Ramirez
b5180dcd-0f8d-41d2-b6af-08441d1125c2,David Perry
e2d3b0c6-0e44-440e-b2e3-caa53a50330e,Veronica Garcia
d2741401-738f-42e2-af51-d185d37e7837,Benjamin Bell
a2a766fe-6b78-4219-b155-437a9ff9b048,Stephen Solis
14633583-406a-40da-9cfd-463f842c32ba,Timothy Long
745c96ce-c32c-490c-ab89-6c78bcc8e55c,Megan Fischer
bbdc3c93-b0cd-4d56-b059-e60bb6bc91b7,Elizabeth May
ce435aa0-b179-467c-a872-4f49f868f92c,Diana Taylor
0ac246e3-81c5-4bd7-aeba-38b2edcf2d46,Benjamin Thomas
579ee23e-cc0c-4341-9743-89109716e644,Matthew Henderson
ca27274f-55f9-4961-91d8-853145175186,Caroline Miller
fd29fa89-8e09-413a-867f-a5749a97ac83,John Drake
2e5abe0c-f7c6-4194-9fe3-825ae08dfc24,Tamara Hinton
1c1db69c-2d3c-4ea2-9788-f90508780ffa,Derek Francis
d8539758-a56d-418f-99f2-0fcb036a3d25,Carl Dorsey
c49197f3-3b2d-47e5-a596-7ab6b636bc9f,James Jones
22da6723-cb44-4464-9adb-9fd9b425f137,Victoria Terrell
38343fdd-0887-4d24-b284-6a0cada6bf2f,Gregory Anderson
4c9c0cd1-69a7-418d-a793-2828fe528317,Anthony Waller
9e4a15f4-2143-4f3f-a218-0af54454bfee,Jack Huynh
c1731891-ff3e-4d7d-b1d5-2b0b3947f0cd,Angela Roberson
95ff6e63-e512-4851-804c-f706307dae52,Sharon Evans
4754e91d-a35d-4725-bd0f-db8b516ebbb9,Emily Hall DDS
8aaa5742-0f82-4a91-b0ce-155ee217cf23,Megan Faulkner
076323fe-e298-41b7-a5e5-b9f38eeb34de,Justin West
acc2c985-0ab0-4620-86d0-a1a52eca0730,Amber Reed
7a8f5009-5ca6-47b4-80ac-c5b4ef762baa,Deborah Patterson
2ecd775f-a3c6-4a97-8ce6-89e688b3a2de,Lori Murphy
38f569b0-1690-4201-a9eb-ee39fc3aec06,Gina Kim
7c2f8439-0523-4f89-8b79-bf9ee0f00238,Teresa Humphrey
61e459a9-b38f-4efa-be59-117555e861c9,Danielle Gonzalez
826b7966-bc02-4878-83a1-85657cdbb8cb,Shawna Knox
28e91e99-c74c-4fa8-ab86-f58de613fee9,Keith Burgess
e1b89d00-0e7e-4852-a610-ebb7262b6f8e,Joshua Henderson
243ab2b9-36ca-4ca1-a0f5-aa44696e4e59,Mary Nicholson
72138998-c18a-49be-94a1-c7ef3a71f283,Scott Thompson
7bf978d7-5d5a-4bc9-8ee5-647d1949340d,Danny Walker
5f4e9771-d363-49dc-9dc7-8c1cb16f4e1e,Michelle Williams
052ef4cf-a30c-4eb7-b611-404574f42738,Christopher Thompson
d58496e2-340f-4608-8398-09426d22fe03,Michael Steele
d3fa469a-5bbe-40a4-9029-82706885c798,Connor Watson
cbff2290-a492-4180-9f63-9f904787cd25,Derek Hunter
7e447148-ee02-441a-9346-edbdcc2ebd12,Timothy Gutierrez
dee91f3f-196c-4e77-bcc2-6cbd71ec0b66,Karina Thompson
d918fbdc-0a32-4156-9042-1cb12a8047bd,Melissa Wilkinson
6d1c7eb3-8184-4fa5-a92f-b8042579920a,Diana Rogers
26f61055-16b4-4d40-a900-adeb6833aa20,Cynthia Thomas
58b10f8b-c913-43b8-8004-6dd75bdde5c7,George Sanchez
f3fb8a31-3a17-4327-9e78-bfa43975e152,Henry Flores
b1e35d45-1148-4dc5-b1a5-e0be31f062b4,Nancy Jackson
046d3ec5-604d-4272-9db3-25182c413962,Pamela Harris
a4ad98a4-c588-4262-8aa5-adb02a0fdf56,Justin Perry
6d62354a-27b1-4221-9a2f-e6fbc4f6ceaa,Luke Bolton
2cea9b3c-c860-400b-bb48-8b4cb9eabceb,Denise Stone
d2de9333-2d16-4965-942b-e8b3702216ad,Nicole Hall
675baa4c-f7a8-47c9-9bb1-44b684965abd,Rodney Brandt
652b414a-4d1e-44b7-bdd5-d88059bced6b,Teresa Williams
f7f18a0d-9bd4-469c-a780-57c772611661,Mark Chan
4db14653-299e-479b-9896-a6b300f25bff,John Simmons II
a96b224f-38b3-47d6-b14f-4c7dc7594a15,Gerald Odom
9d234e3e-d2b5-4c0b-a0ee-d67a44c53607,Jeffrey Woods
4eeb4347-cefe-4e73-8910-7b4cb67f6896,Sarah Porter
81c19933-d1bb-41d9-a708-69ac6c9f7b7c,Elizabeth Davis
e187093c-383f-4c52-88b2-65b1fa9b8f1e,Courtney Rivers
51091d87-bebe-4ebb-aba4-56f5a471cd6f,Donald Robertson
26d223f5-0cf4-411a-8651-52ffaefe5e85,Deanna Kennedy
9f1ce1ce-4550-4329-b98a-c69e4ea05ea2,Sheila Lewis
51da2de9-1356-4cd7-b5fe-49553d337346,Alyssa Jones
8296847c-b021-41cd-931e-54d866ba3c3f,Kevin Jenkins
8ce0fe55-dd2b-4778-a174-71a377c98ce2,Keith Perez
e90880cc-a0bb-4fd9-a23b-bdf06335efc8,Michael Dixon
e78d782c-6e05-43e9-a593-cb9fbcff202d,Jason Clay
9367d928-e9fd-43ed-903a-207fc7339086,Paul Grant
1ed18a07-4f6b-4aca-ada8-8d05803b5ab2,Brian Estrada
aaf7aa56-8c0f-403d-b235-fbed0bdc49f9,Melody Wright
1f3934e0-5105-484e-9cf8-c25dc8bba83f,Julie Johnson
fdee2eb0-216a-467d-81fe-30505731d941,Christina Lane
0df565ea-30b4-411b-9e0f-98b9ab2ede7a,Mark Jones
449198e5-35a9-496d-b03c-bcb950dccd25,Sandra Farrell
b9d1acb1-51ec-4082-ad19-83672ceacdbe,Daniel Stevenson
4f259ab2-2753-4480-bc34-69615a645959,David Leonard
416956ac-afd2-4a5b-b2c2-c174adc23a88,Savannah Nguyen
31d5e619-335a-4677-a645-5d0d64473897,Misty Townsend
12b1701d-4e5c-43a3-ad6b-0d00415deae8,Todd Bautista
762e3237-cb1e-44c7-8df2-168c9df92b06,Alejandra White
a9778815-3ff8-4379-b062-c8a3b2de3b87,Jonathan Moody
4a339ab4-c503-4044-9c26-a62e0524566d,Sarah Smith
4e0363a3-8a85-4f56-b105-a6c13470a07d,Gina Bradshaw
b4b14195-a2a6-45b8-9033-cebd992768cc,Martha Pineda DDS
30b67b30-41ca-403e-b55a-7e1514d0488f,Natalie Hatfield
b9b85f2a-fbab-419f-aa5e-c0de0e2362bc,Steven Williams
13eb3752-fba3-44e3-9c5b-c602cd1892d1,Jared White
5118e55d-6af7-4a34-bbed-0c87741d3177,Marcus Wood
e1a62f60-7a37-43fc-b963-187301797c0d,Christopher Foster
0726c438-afb5-4bce-85f0-b36655b0ea6a,Andrew Rosario
a5d79a9f-1508-433b-b643-0b799c5a555a,Natalie Hatfield
872cebbd-142b-4150-b45e-570a007b5c6c,April Baker
141d17ae-55cf-4d94-a836-5572b89f4e6d,Susan Taylor
6e53b802-b96c-4cb3-89d4-51b31a263112,Sarah Franklin
3b178fcb-c9b3-4abc-9e20-2e4111763f1c,Harry Smith
ed480684-ae88-43e5-95bd-5f42d0b82a3f,Stephen Hughes
f21d20ab-8f22-4591-aff9-5b1ace172779,Don Duran
a3e8d403-6ede-4b6a-a510-d91227411c78,Molly Kent
c1268ab1-4fbd-406f-8d17-25b9f08ab9a5,Jeff Brown
49f6820f-6531-435e-9422-d1a5b608911d,Ashley Martinez
3e1546fa-61de-465d-bc2d-5157526d5598,John Anthony
a04283ef-ce14-408a-b344-628c65b7835b,Jay Cunningham
0bc3d5cb-f107-4d5d-b082-101c00fb0466,James Maxwell
30e41c9e-3989-432e-8fed-577a0fb7f4b7,Katie Keller
7a6ae71e-b7a0-4d78-b81e-cea1f86503b5,Claudia Jones
6fb1078f-a158-4928-bc78-7e2476ce5aae,Kevin Arroyo
e9cb406e-8367-4bcb-b4b2-d296d1b4ff54,Tony Murphy
f3378016-8ecd-449a-9469-6a24adc0037b,Andrew Serrano
07c0ba9d-c06e-4d35-8ef1-65f8c6500327,Darren Weeks
a293f485-0563-466b-8050-d6eda59381f4,Omar Reeves
a7d5c5fb-cc4d-45d4-89de-a90ca228d7b1,Jordan Allen
531fc8b0-b355-428b-9f58-eae6daa4805e,Lisa Jones
1e4b2183-addd-4136-962a-d06dddef5524,Amy Hall
37e18f1c-829d-404a-b5ef-80b362a00e29,Donna Collins
3e5f7945-89af-4034-ab70-45407ee5b149,Elizabeth Snyder
4336189d-f5a0-444f-9038-c9a00bf9017a,Victor Bullock
0c14f060-f056-4fb7-893f-9b2d15620481,Michael Thomas
ed4b6ce8-4ef7-4f66-8f65-053fc7c992d6,William Oneill
afb88716-7646-425e-9211-4b987fc120eb,Michelle Patterson
2634b458-a1cc-4516-868e-3a8a6eaadf2d,Patricia Webb
10973e74-1611-4520-86f0-0cc1e66adfdf,Kim Porter DDS
9fca902f-e6d6-4ed1-9158-057da7fc8053,Gabriella Choi
b36c6390-1e81-4465-a37c-1089b1236bdb,John Dunn
c05ccb63-472f-4daf-804e-044f460abc7d,Donald Peck
aec9abd3-8227-43f9-8241-aa71c33853e5,Cheryl Atkinson
154f10b3-b675-4d9f-a342-480b64f83b85,Amanda Bates
530a4544-2dd3-42bf-80ce-e042be19b73d,Wanda Diaz
f6274c04-bdfe-42a4-81de-2b32c3c2cef8,Mary Vargas
a56a86ef-e8c7-4c0e-8bd7-a0a7ff3ac9df,Sharon George
cb4c8002-3cef-4e15-8d32-55e04c2e7405,Kristen Jacobs
8607bc30-37a3-4c45-8c8e-f6955e4daea0,Amber Coleman
6b44c9fb-4bfe-4858-8e2d-eb7a7b20b506,Sharon Sutton
698248d1-17b6-468c-91e5-1673057e2eba,Steven Reyes
fb0fc039-6aa6-4456-863b-6f1a6c37254f,Sandra Myers
717370d1-85aa-40f0-b336-cf43383891c2,Derek Lang
ec74d96c-e068-4e63-875e-4f48af735be8,Sharon Sawyer
369f4f50-bef0-47fc-b9a2-eb40b766a88a,Michael Hall
aaebb4fc-2e70-47a8-8937-339ac9db5aaa,Miss Jacqueline Green
54d484b4-edcd-44b5-9f0c-258eb626fc55,Pamela Johnston
b5731704-1775-4695-86c6-7140f141ea04,Brian Ford
513fd1e9-29f4-41fd-bac5-4e6b3d281494,Melissa Gonzales
3c43c2c5-0fd4-4ded-b129-992eaa626da3,Melissa Larsen
18e732de-a726-419b-b480-bfe98bcb97ef,Joshua Webb
6113475f-1ef7-4820-af34-e0618f0e3235,Christian Young
18bb4af6-b17f-4c51-a585-940a758e212d,Ernest Martinez
cdd712c4-c928-4856-9a49-a0bccbccc2fd,Amanda Young
d7470897-cd80-40b8-8b6f-d590c7e8c068,Jacob Ortega
06c505a3-042d-4d93-9ce9-393315973040,Emily Bishop
de9b1a5a-251e-46f5-a074-c1557cbc6e39,Cole Kelly
2bebd619-b201-47f3-a865-1718114122f4,Megan Sharp
968d65b7-0ffa-4400-8de8-ea6c9945ee2c,Nicole Russell
6609a83c-7dde-45ac-a963-f49396ce883b,Laura Mccarthy
ab1b3a12-1327-4010-9095-1707b2accfd2,Tammy Patel
39800ce5-1ed0-460b-9995-c272a88104a3,Jason Jones DDS
ed01e67f-548c-4b48-af9c-576aff12e729,Jordan Mccullough
84cf5354-639d-4e7d-bd3a-3c19072c7c4f,Dana Gentry
07b18b61-4d05-4f0e-ad10-6882c58aee3f,Andrew Johnson
4b5b6660-5abb-4de3-9698-208e577e2066,Nicholas Colon
c2e55465-58fd-43fc-a995-4c6d57e70c30,Larry Ward
a7cfcb52-1414-4dc0-8ded-2b275e894658,Dana Hensley
d7946be4-0777-4cf1-9a2f-d8a6d17aab26,Omar Tyler
7faba979-9791-42e2-bdd0-b37165d0a449,Misty Robinson
529bc154-6755-4079-94b2-b6c8222dbeea,Dr. Matthew Brooks
a4977d84-1595-43e5-a573-8d9a277b9eb5,Victoria Villarreal
43491bd7-22b2-43af-9c31-a4a6c90201c6,Jessica Hernandez
2f3eb2a4-e25d-4e0b-ab36-542ab10f5ceb,Kathryn Mendoza
27ef21d6-f4f6-45da-9460-edf9037b668e,Michael Acosta
e8d38d4a-497a-44a6-b039-14deede3192e,Jennifer King
728b3c5b-c5a7-493e-995d-240475da2f44,Chelsea Schultz
7552daa6-8143-444d-9082-04b8359a9fd2,Sharon Hardy
98db0384-924e-4504-80d5-2bf93c384140,Andrew Lester
f9698c81-c4b4-4001-a97b-443be1ae29be,Adam Rice
047050e2-f280-4a63-8da6-5d09959f18d5,Ronnie Knight
9ba199a9-03c6-4310-b231-ffc235e6bfec,David Foster
a5b62edc-71fa-419d-bec7-2dc6a68922d2,Jacob Brown
13dc1a47-57c6-486d-86de-ff3825d5f9f0,Robert Kim
ce65fce7-c095-4d8c-86cd-893be70a23ac,Christina Terry
43fb7945-b736-4e75-924b-78c250a155e7,Steven Wood
00e79de6-e012-4aac-8031-401bfe683282,Adam Barrett
8967d2ea-0279-4f70-b5a1-29d968e8c922,Andrea Rice
665b73df-488c-4e70-b827-95d1ad419326,Karen Obrien
b94dc8c5-d6a7-4785-9e8b-766879a6870b,Brian Fields
6ec46057-4098-4a33-b862-ee0167c343ad,Hannah Ross
1dfbfb96-9143-4951-9bd4-7f259cd7c79d,James Brown
1fba80dc-741a-42dc-8601-26421e857293,Wyatt Carter
622322fe-441e-4e96-8642-cde2dd420e73,James Beck
0ec012ef-cd63-4be2-b5df-0e522b42792a,Tracy Munoz
fb51e88c-4431-4b6d-b26e-e77f72434557,Linda Johnson
5ea0b7ad-2d50-4343-a2b1-07bdd4e04cef,Thomas Valencia
cd3fbba3-0a6c-47e5-ab45-adcc68fd3694,Jennifer Manning
2b60e954-3f6e-4c6b-8e56-7c88f6296746,David Buck
a00d765d-0aad-4c27-b927-8515a6c16d90,Christopher Hart
7bf7dd8e-d4ec-4008-9673-fe628ee74a63,Shane Barber
1c634fd5-9046-4934-8dc2-9fb22c5ebc37,Samantha Kemp
db5b89ea-0b8e-42f5-a3b3-60f74b7423c6,Lisa Aguirre
1ebf5db8-2043-4341-a889-fe5d5e296b1c,Michael Harrington
a99da9e2-c42d-47ed-a5bf-14b6a9fc5552,Timothy Ferguson
a7beb4bf-a78a-4267-b71e-0c52a2975496,Cindy Gomez
fd65ef62-9226-49bb-8ae6-a3d29cde75ff,Katherine Lutz
0e0733f9-4239-4db1-86c5-41c21731ae7f,Robert Perez
3edda621-d779-446d-9fb2-9694d42570b0,David Byrd
ad6bb1eb-6272-46aa-8038-7bff9a07d8af,Brittney Baird
684aa5ef-aea2-4893-a850-6e4992de80e0,Heidi Smith
32398775-a327-45d7-9c3b-9dd49f76f643,Samuel Vincent
808914f0-30ca-4c35-9bbe-a5a0431afb64,Susan Meadows
d1fcdc5d-ca70-4b05-8d83-3013b48cca09,Dillon Jennings
cd129654-67d4-4c13-b56f-a5613cb09f90,Richard Lawrence
670830de-88e5-47bc-803d-9f4d887288a3,William Parker
4fe67c17-4ba7-4a6c-bcd4-2fd802e71896,Beverly Peters
0a56dd15-00fb-496a-9836-83326db2037d,Anthony Ramsey
b19ceb73-dacf-46cb-a607-4fff40000c32,Kimberly Evans
ef9e8685-a38f-4c7a-b366-b7d1c4299da4,Destiny Simmons
c423a019-0f89-4200-9472-c78d91427a2b,April Morris
e1c85886-ebec-4670-a9ee-bef3cf6b951f,Michael Harper
3d89a30c-d2e0-4ff4-9deb-c2bd0da0b8c1,Kenneth Nelson
93979ef8-0677-465b-8a56-4297873142b3,Leah Caldwell
a44b5dff-1abf-42f6-b029-b195b756f3f9,Lee Hill
743e3c32-13af-462b-9d95-17f40a4d6378,Pamela Rodriguez
997c9169-61b1-466d-9bcc-0a8148db7ded,Tamara Wallace
4bb4f1b6-ac63-4305-bbb6-777408dcb8e4,Kathy Brooks
